{
    "$schema": "https://go.kicad.org/pcm/schemas/v1",
    "name": "Picoballoon Mechanical & Misc",
    "description": "Parts for Picoballoon Projects",
    "description_full": "Parts for Picoballoon Projects",
    "identifier": "org.picoballoon.libs.mmisc",
    "type": "library",
    "author": {
        "name": "Project Picoballoon",
        "contact": {
            "web": "https://github.com/PicoballoonLabs"
        }
    },
    "maintainer": {
        "name": "Project Picoballoon",
        "contact": {
            "web": "https://github.com/PicoballoonLabs"
        }
    },
    "license": "Unlicense",
    "resources": {
        "Github": "https://github.com/PicoballoonLabs/Hardware-Resources"
    },
    "versions": [{
        "version": "1",
        "status": "stable",
        "kicad_version": "5.99"
    }]
}
